Top queries,Clicks,Impressions,CTR,Position
cmmc 2.0,6,540,1.11%,8.94
cmmc level 2,6,422,1.42%,4.24
cmmc compliance checklist,4,487,0.82%,4.81
cmmc compliance,3,1595,0.19%,17.2
cmmc requirements,3,332,0.9%,4.46
cui cmmc,3,66,4.55%,2.42
itar vs cmmc,3,4,75%,1
cmmc checklist,2,161,1.24%,3.12
cmmc 2.0 compliance checklist,2,31,6.45%,1.42
cmmc-ab,2,25,8%,4.24
cmmc level 2 controls list,2,19,10.53%,3.47
cmmc l3,2,6,33.33%,4.17
cui and cmmc,2,2,100%,1
cmmc,1,2410,0.04%,9.66
cmmc certification,1,490,0.2%,42.65
cmmc level 3,1,215,0.47%,6.94
cmmc level 1 requirements,1,207,0.48%,7.94
cmmc level 1,1,166,0.6%,9.3
cmmc level 2 requirements,1,161,0.62%,2.7
cmmc security,1,134,0.75%,2.65
cmmc controls,1,127,0.79%,6.09
cmmc ab,1,95,1.05%,5.44
cmmc level 1 vs level 2,1,53,1.89%,3.23
cmmc implementation timeline,1,49,2.04%,2.45
cmmc audit checklist,1,43,2.33%,7.56
cmmc timeline,1,41,2.44%,5.29
level 3 cmmc,1,39,2.56%,7.05
cmmc 1.0 vs 2.0,1,30,3.33%,1.3
cmmc 3,1,9,11.11%,6.67
when will cmmc 2.0 be required for dod contracts,1,7,14.29%,2
cmmc cyber ab,1,4,25%,4.5
cmmc itar,1,3,33.33%,1
cmmc level 2 compliant,1,3,33.33%,1
itar cmmc,1,3,33.33%,1
cmmc 2.0 compliance deadline,1,3,33.33%,1.33
cmmc 2.0 level 2 controls,1,3,33.33%,3
when is cmmc 2.0 required,1,2,50%,3.5
cmmc physical security requirements,1,2,50%,4
cmmc fedramp equivalency,1,2,50%,5
what are cmmc compliance requirements,1,2,50%,5
cmmc vs itar,1,1,100%,1
when will cmmc 2.0 go into effect,1,1,100%,1
cmmc discord,1,1,100%,2
cmmc cmmi,1,1,100%,3
how to get cmmc level 1 certification,1,1,100%,5
cmmc phased rollout,1,1,100%,12
cmmc compliance requirements,0,298,0%,3.18
cmmc audit,0,296,0%,14.91
cmmc assessment,0,275,0%,16.39
cmmc 2.0 compliance,0,228,0%,6.8
who needs cmmc certification,0,226,0%,7.35
what is cmmc compliance,0,221,0%,25.07
cmmc levels,0,220,0%,30.66
cmmc level 3 requirements,0,200,0%,4.58
what is cmmc certification,0,165,0%,24.3
cmmc compliant,0,162,0%,13.93
what is cmmc,0,139,0%,18.45
cmmc c3pao,0,137,0%,11.8
cmmc certification levels,0,137,0%,30.75
cmmc 2.0 requirements,0,132,0%,3.03
cmmc certification process,0,128,0%,13.35
cmmc certification requirements,0,125,0%,6.1
cmmc compliance audit,0,118,0%,19.34
cmmc 2.0 levels,0,111,0%,9.86
cmmc information bien dosee,0,110,0%,1.98
cmmc cui,0,110,0%,2.98
cmmc readiness,0,104,0%,88.64
cmmc gap assessment,0,98,0%,78.77
cmmc vs nist 800-171,0,96,0%,14.61
cmmc 2.0 certification,0,95,0%,11.21
cmmc rpo,0,93,0%,19.22
cmmc certification cost,0,92,0%,33.9
cmmc requirements for dod contractors,0,90,0%,9.04
cmmc self assessment,0,89,0%,7.35
compliance cmmc,0,88,0%,42.07
cmmc compliance support,0,88,0%,50.35
cmmc framework,0,85,0%,20.87
cmmc compliance levels,0,85,0%,29.72
cmmc compliance 2.0,0,83,0%,6.52
cmmc compliance deadline,0,81,0%,7.11
cmmc compliance software,0,81,0%,32.01
cmmc software,0,80,0%,39.12
cmmc 2,0,79,0%,8.7
how to get cmmc certification,0,75,0%,90.11
cmmc level 2 compliance,0,73,0%,1.56
to learn the difference between cmmc 1.0 and cmmc 2.0,0,73,0%,1.9
cmmc level 3 compliance,0,73,0%,8.33
cmmc level 2 certification,0,72,0%,4.67
c3pao cmmc,0,71,0%,9.01
cmmc auditor,0,71,0%,19.59
cmmc compliance certification,0,70,0%,45.06
cmmc level 2 checklist,0,69,0%,2.16
cmmc readiness assessment,0,69,0%,50.17
cmmc cybersecurity,0,68,0%,40.46
cmmc assessments,0,67,0%,31.84
cmmc level 2 controls,0,66,0%,3.03
cmmc level 2 assessment guide,0,64,0%,7.78
cmmc training,0,63,0%,23.94
cmmc guidelines,0,60,0%,20.6
cmmc implementation,0,59,0%,7.75
cmmc support,0,56,0%,31.84
cmmc cost,0,54,0%,35.89
dod cmmc requirements,0,52,0%,13.73
cmmc levels 1-5,0,52,0%,17.88
cmmc maturity levels,0,52,0%,39.56
cmmc compliance for dod contractors,0,51,0%,11.25
cmmc level 1 checklist,0,51,0%,13.45
cmmc requirements for small business,0,50,0%,3.04
cmmc certification timeline,0,50,0%,4.9
cmmc audit preparation,0,50,0%,21.32
cmmc 2.0 level 1 requirements,0,49,0%,3.94
cmmc assessment guide,0,48,0%,14.38
cmmc meaning,0,48,0%,27.23
cmmc cyber,0,44,0%,40.52
cmmc compliance framework,0,43,0%,12.53
cmmc compliance solutions,0,43,0%,70.07
best mobile app vetting tools for cmmc or fedramp-aligned organizations?,0,41,0%,6.37
cmmc controls by level,0,41,0%,8.24
"dod introduces cmmc 2.0 with three-level certification for defense 
contractors",0,39,0%,21.46
cmmc supply chain,0,39,0%,40.31
cmmc gap analysis,0,39,0%,72.87
cmmc level 1 controls,0,38,0%,8
when is cmmc compliance required,0,37,0%,14.57
cmmc 2.0 timeline,0,36,0%,1.33
nist cmmc,0,36,0%,26.61
cmmc policies,0,35,0%,21.66
nist cmmc compliance,0,34,0%,21.03
what is cmmc level 3,0,33,0%,5.79
cmmc registered provider organization,0,33,0%,9.58
cmmc compliance guide,0,32,0%,9.62
cmmc 2.0 level 2,0,31,0%,3.19
cmmc compliance contractor,0,31,0%,9.45
cmmc certification deadline,0,30,0%,17.43
what is the leading cloud-based solution for cmmc compliance?,0,29,0%,3.52
cmmc level 1 certification,0,29,0%,4
cmmc level 3 controls,0,29,0%,4.79
which companies help small businesses meet cmmc requirements?,0,29,0%,5.24
cmmc level,0,29,0%,21.59
cmmc security requirements,0,28,0%,7.93
cmmc compliance training,0,28,0%,8.68
cmmc fedramp,0,28,0%,9.14
cmmc dod requirements,0,28,0%,11.57
cmmc nist,0,28,0%,34.29
cmmc ab marketplace,0,28,0%,40.14
cmmc ssp,0,27,0%,12.89
cmmc vs nist 800 171,0,27,0%,15.11
cmmc compliance definition,0,27,0%,24.19
cmmc auditors,0,27,0%,44.52
cmmc practices,0,26,0%,27.92
cmmc faq,0,25,0%,91.32
cmmc poam,0,24,0%,17.33
cmmc domains,0,24,0%,21.54
how much does cmmc cost,0,24,0%,39.21
cmmc compliance company,0,24,0%,89.04
cmmc vs cmmi,0,23,0%,1.83
cmmc level 2 vs level 3,0,23,0%,8.48
how much does cmmc certification cost,0,23,0%,48.26
cmmc and nist,0,22,0%,2.09
cmmc definition,0,22,0%,4.18
what are cmmc requirements,0,22,0%,9.73
what is cmmc 2.0,0,22,0%,9.82
fedramp vs cmmc,0,22,0%,12
cost of cmmc assessment,0,22,0%,33.86
cmmc deadline 2025,0,21,0%,8.52
what is a cmmc,0,21,0%,18.71
cmmc 2.0 compliance requirements,0,20,0%,1.5
cmmc 2 compliance,0,20,0%,2.85
what is cmmc 2.0 compliance,0,20,0%,7.05
cmmc controls list,0,20,0%,7.85
what is cmmc level 2,0,19,0%,1.26
cmmc 2.0 level 2 requirements,0,19,0%,3.74
cmmc level 2 audit,0,19,0%,4.47
ssp cmmc,0,19,0%,11.53
fedramp and cmmc,0,19,0%,13.16
cmmc compliance contractors,0,19,0%,18.68
cmmc readiness checklist,0,18,0%,4.06
cmmc 2.0 assessment guide,0,18,0%,5.67
cmmc model,0,18,0%,36.44
cmmc deadline,0,17,0%,8.71
cmmc level 3 checklist,0,17,0%,21.76
cmmc 1.0,0,16,0%,1.62
cmmc compliance date,0,16,0%,10.75
when will cmmc certification be required,0,16,0%,12.81
cmmc vs fedramp,0,16,0%,18.38
cmmc it,0,15,0%,1
cmmi vs cmmc,0,15,0%,1
nist 800 171 vs cmmc,0,15,0%,1.87
cmmc accreditation body,0,15,0%,3.2
cmmc small business,0,15,0%,8.53
cmmc regulations,0,15,0%,8.67
cmmc l2,0,15,0%,9.67
cmmc level 2 controls spreadsheet,0,15,0%,26.8
cmmc certificate,0,15,0%,41.8
cmmcab,0,14,0%,4.79
cmmc level 3 certification,0,14,0%,7.36
cmmc assessment guide level 2,0,14,0%,8.64
rpo cmmc,0,14,0%,23.71
how much does it cost to get cmmc certified,0,14,0%,48.64
cmmc certified,0,14,0%,49.86
cmmc vs iso 27001,0,14,0%,51.29
cmmc level 5,0,14,0%,66.07
how to get cmmc certified,0,14,0%,95.29
cmmc 2.0 level 1,0,13,0%,4.54
cui cmmc program,0,13,0%,5.92
cmmc compliance timeline,0,13,0%,6.92
cmmc2.0,0,13,0%,7
cmmc encryption requirements,0,13,0%,8.23
cmmc 3pao,0,13,0%,10.08
cmmc reciprocity,0,13,0%,11.23
fedramp cmmc,0,13,0%,11.62
cmmc cybersecurity framework,0,13,0%,21.92
cmmc certifications,0,13,0%,50.92
cmmc 2.0 controls,0,12,0%,4.75
cmmc level 2 nist,0,12,0%,6.42
cmmc 2.0 vs nist 800-171,0,12,0%,11.92
cmmc rp certification,0,12,0%,38.92
cmmc requirement,0,11,0%,11.27
when will cmmc be required,0,11,0%,18.73
cmmc preparation,0,11,0%,40.09
cmmc nist 800-171,0,10,0%,2.7
cmmc level 2 cost,0,10,0%,20.2
cmmc level 2 self assessment,0,10,0%,22.6
cmmc compliance cost,0,10,0%,37.2
cmmc for government contractors,0,10,0%,49.2
cmmc updates,0,10,0%,89.4
cmmc level 2 certification requirements,0,9,0%,2.33
best encrypted backup solutions for cmmc compliance in manufacturing,0,9,0%,14
what does cmmc stand for,0,9,0%,20.78
cmmc level 4,0,9,0%,75.44
dibcac vs cmmc,0,8,0%,1
cmmc level 2 compliance requirements,0,8,0%,2
cmmc 2.0 implementation timeline 2025,0,8,0%,3.5
cmmc compliance standards,0,8,0%,3.62
when is cmmc certification required,0,8,0%,3.75
cmmc level 3 practices,0,8,0%,6.88
cmmc levels explained,0,8,0%,6.88
cmmc file sharing,0,8,0%,9.12
cmmc standards,0,8,0%,14.25
cmmc level 3 certification cost,0,8,0%,18.25
what cmmc level do i need,0,8,0%,18.88
cmmc compliance assessment,0,8,0%,21.25
cmmc compliance tool,0,8,0%,71.88
cmmc 2.0 level 3,0,7,0%,1.71
cmmc level 2 compliance checklist,0,7,0%,2.14
cmmc audits,0,7,0%,2.43
cmmc level 2 certification cost estimate,0,7,0%,2.86
cmmc level 2 practices,0,7,0%,3.29
"cmmc required in new dod solicitations learn how to prepare from authorized 
c3pao",0,7,0%,3.29
cmmc c3pao list,0,7,0%,4
cmmc implementation / implementor,0,7,0%,4.29
cmmc levels and requirements,0,7,0%,8.57
cmmc v2,0,7,0%,8.86
cmmc level 1 controls list,0,7,0%,9.14
cmmc security assessment,0,7,0%,15.57
dod cmmc compliance,0,7,0%,24.14
cmmc rule,0,7,0%,29.71
cmmc processes,0,7,0%,35
what are the levels of cmmc,0,7,0%,47.14
cmmc documentation,0,7,0%,66
cmmc maturity,0,7,0%,78.57
cmmc level 4 requirements,0,7,0%,79.14
nist 800 171 cmmc,0,6,0%,1
cmmc program for cui,0,6,0%,1.83
what is the timeline for cmmc 2.0 implementation?,0,6,0%,2.33
cmmc2,0,6,0%,2.5
cmmc 2.0 level 1 controls,0,6,0%,2.67
what is the role of cmmc in protecting cui?,0,6,0%,3
what are the cmmc 2.0 levels and their requirements?,0,6,0%,3.5
who needs to comply with cmmc 2.0?,0,6,0%,4.17
cmmc version 2.0,0,6,0%,4.5
cmmc version 2,0,6,0%,7
how does cmmc 2.0 impact defense contractors and subcontractors?,0,6,0%,8.67
how does nist sp 800-171 support cmmc compliance?,0,6,0%,8.67
coalfire cmmc,0,6,0%,9.17
what is cybersheathâ€™s approach to cmmc 2.0 compliance?,0,6,0%,9.33
cmmc 2.0 model,0,6,0%,10.17
cmmc process,0,6,0%,10.33
cmmc fips,0,6,0%,10.67
how does cmmc 2.0 relate to nist sp 800-171?,0,6,0%,10.67
cmmc level 3 assessment guide,0,6,0%,11
cmmc assessment methodology,0,6,0%,13.5
cmmc password requirements,0,6,0%,13.67
cmmc standard,0,6,0%,17.67
cmmc final rule,0,6,0%,36.33
cmmc 3.0,0,6,0%,39.33
what is cmmc in cyber security,0,6,0%,44.83
cmmc compliance prep,0,6,0%,62
cmmc certification document,0,6,0%,64.5
cmmc program,0,6,0%,75.67
nist 800-171 / cmmc compliance,0,5,0%,1
when does cmmc go into effect,0,5,0%,4
level 1 cmmc cybersecurity,0,5,0%,6.4